time_ISO	occupancy	number_date_hour	day_text	hour	time_HH_MM
2026-01-11T08:17:38.208536+01:00	0	46033,34558	Ne	8	08:17
2026-01-11T08:46:27.760842+01:00	0	46033,36559	Ne	8	08:46
2026-01-11T08:55:10.814722+01:00	0	46033,37164	Ne	8	08:55
2026-01-11T09:20:51.056012+01:00	11	46033,38948	Ne	9	09:20
2026-01-11T09:44:34.957206+01:00	14	46033,40595	Ne	9	09:44
2026-01-11T09:57:40.528527+01:00	19	46033,41505	Ne	9	09:57
2026-01-11T10:22:37.457405+01:00	24	46033,43237	Ne	10	10:22
2026-01-11T10:39:11.272813+01:00	26	46033,44388	Ne	10	10:39
2026-01-11T10:50:00.768966+01:00	26	46033,45139	Ne	10	10:50
2026-01-11T10:58:51.570662+01:00	26	46033,45753	Ne	10	10:58
2026-01-11T11:26:31.129610+01:00	22	46033,47675	Ne	11	11:26
2026-01-11T11:44:50.501322+01:00	17	46033,48947	Ne	11	11:44
2026-01-11T11:54:43.164054+01:00	16	46033,49633	Ne	11	11:54
2026-01-11T12:12:27.260824+01:00	16	46033,50865	Ne	12	12:12
2026-01-11T12:28:51.944346+01:00	19	46033,52003	Ne	12	12:28
2026-01-11T12:40:55.699169+01:00	18	46033,52841	Ne	12	12:40
2026-01-11T12:49:21.533539+01:00	21	46033,53427	Ne	12	12:49
2026-01-11T12:57:57.058875+01:00	18	46033,54024	Ne	12	12:57
2026-01-11T13:45:41.885774+01:00	9	46033,57339	Ne	13	13:45
2026-01-11T14:20:43.083838+01:00	18	46033,59772	Ne	14	14:20
2026-01-11T14:44:35.657471+01:00	21	46033,61429	Ne	14	14:44
2026-01-11T14:54:55.528173+01:00	23	46033,62147	Ne	14	14:54
2026-01-11T15:14:23.832515+01:00	24	46033,63499	Ne	15	15:14
2026-01-11T15:35:31.770369+01:00	20	46033,64966	Ne	15	15:35
2026-01-11T15:48:21.871104+01:00	21	46033,65858	Ne	15	15:48
2026-01-11T15:56:59.356541+01:00	21	46033,66457	Ne	15	15:56
2026-01-11T16:19:46.274945+01:00	24	46033,68039	Ne	16	16:19
2026-01-11T16:37:10.887108+01:00	25	46033,69248	Ne	16	16:37
2026-01-11T16:47:50.957772+01:00	24	46033,69988	Ne	16	16:47
2026-01-11T16:56:47.390337+01:00	24	46033,7061	Ne	16	16:56
2026-01-11T17:23:57.405392+01:00	30	46033,72497	Ne	17	17:23
2026-01-11T17:45:27.110089+01:00	28	46033,7399	Ne	17	17:45
2026-01-11T17:57:13.871445+01:00	27	46033,74807	Ne	17	17:57
2026-01-11T18:18:11.439130+01:00	29	46033,76263	Ne	18	18:18
2026-01-11T18:35:56.730777+01:00	30	46033,77495	Ne	18	18:35
2026-01-11T18:46:35.086532+01:00	30	46033,78235	Ne	18	18:46
2026-01-11T18:54:54.505276+01:00	30	46033,78813	Ne	18	18:54
2026-01-11T19:21:08.751370+01:00	23	46033,80634	Ne	19	19:21
2026-01-11T19:47:20.438732+01:00	10	46033,82454	Ne	19	19:47
2026-01-11T19:59:11.751655+01:00	6	46033,83277	Ne	19	19:59
2026-01-11T20:20:27.848622+01:00	0	46033,84753	Ne	20	20:20
2026-01-11T20:31:03.988325+01:00	0	46033,8549	Ne	20	20:31
2026-01-11T20:41:52.180254+01:00	0	46033,86241	Ne	20	20:41
2026-01-11T20:50:45.096567+01:00	0	46033,86858	Ne	20	20:50
2026-01-11T20:58:54.246264+01:00	0	46033,87424	Ne	20	20:58
2026-01-12T08:23:15.298909+01:00	0	46034,34948	Po	8	08:23
2026-01-12T08:45:14.983021+01:00	0	46034,36475	Po	8	08:45
2026-01-12T08:56:22.978975+01:00	0	46034,37248	Po	8	08:56
2026-01-12T09:30:02.094821+01:00	6	46034,39586	Po	9	09:30
2026-01-12T09:57:55.963360+01:00	9	46034,41522	Po	9	09:57
2026-01-12T09:58:39.124879+01:00	9	46034,41573	Po	9	09:58
2026-01-12T09:58:52.251700+01:00	9	46034,41588	Po	9	09:58
2026-01-12T10:38:02.447511+01:00	11	46034,44308	Po	10	10:38
2026-01-12T10:57:58.416102+01:00	10	46034,45692	Po	10	10:57
2026-01-12T11:28:14.931711+01:00	9	46034,47794	Po	11	11:28
2026-01-12T11:51:40.937899+01:00	13	46034,49421	Po	11	11:51
2026-01-12T12:01:54.846609+01:00	14	46034,50132	Po	12	12:01
2026-01-12T12:29:27.485003+01:00	13	46034,52045	Po	12	12:29
2026-01-12T12:44:17.985121+01:00	12	46034,53075	Po	12	12:44
2026-01-12T12:53:32.811253+01:00	14	46034,53718	Po	12	12:53
2026-01-12T13:27:31.476789+01:00	15	46034,56078	Po	13	13:27
2026-01-12T14:23:24.346006+01:00	17	46034,59958	Po	14	14:23
2026-01-12T14:56:26.106754+01:00	17	46034,62252	Po	14	14:56
2026-01-12T15:23:53.197063+01:00	15	46034,64159	Po	15	15:23
2026-01-12T15:51:06.476052+01:00	14	46034,66049	Po	15	15:51
2026-01-12T16:13:30.047802+01:00	12	46034,67604	Po	16	16:13
2026-01-12T16:43:28.750820+01:00	16	46034,69685	Po	16	16:43
2026-01-12T16:59:03.578936+01:00	14	46034,70767	Po	16	16:59
2026-01-12T17:34:02.874726+01:00	20	46034,73197	Po	17	17:34
2026-01-12T17:58:02.881380+01:00	21	46034,74863	Po	17	17:58
2026-01-12T18:25:41.155324+01:00	20	46034,76784	Po	18	18:25
2026-01-12T18:44:21.819149+01:00	20	46034,7808	Po	18	18:44
2026-01-12T18:53:49.086171+01:00	22	46034,78737	Po	18	18:53
2026-01-12T19:20:44.737630+01:00	26	46034,80606	Po	19	19:20
2026-01-12T19:52:33.250169+01:00	27	46034,82816	Po	19	19:52
2026-01-12T20:12:57.764126+01:00	20	46034,84233	Po	20	20:12
2026-01-12T20:32:12.926419+01:00	14	46034,85569	Po	20	20:32
2026-01-12T20:44:43.740515+01:00	12	46034,86439	Po	20	20:44
2026-01-12T20:53:22.557801+01:00	8	46034,87039	Po	20	20:53
2026-01-12T21:14:30.170382+01:00	0	46034,88507	Po	21	21:14
2026-01-13T08:21:34.743023+01:00	0	46035,34831	Út	8	08:21
2026-01-13T08:41:47.823797+01:00	0	46035,36235	Út	8	08:41
2026-01-13T08:52:49.438345+01:00	0	46035,37001	Út	8	08:52
2026-01-13T09:16:18.081759+01:00	6	46035,38632	Út	9	09:16
2026-01-13T09:49:30.042040+01:00	7	46035,40938	Út	9	09:49
2026-01-13T10:15:43.026274+01:00	8	46035,42758	Út	10	10:15
2026-01-13T10:44:58.716157+01:00	12	46035,44789	Út	10	10:44
2026-01-13T10:58:01.556845+01:00	14	46035,45696	Út	10	10:58
2026-01-13T11:27:55.413595+01:00	14	46035,47772	Út	11	11:27
2026-01-13T11:50:57.819906+01:00	13	46035,49372	Út	11	11:50
2026-01-13T12:01:09.623129+01:00	ERROR	46035,5008	Út	12	12:01
2026-01-13T12:29:19.217857+01:00	12	46035,52036	Út	12	12:29
2026-01-13T12:44:19.844242+01:00	14	46035,53078	Út	12	12:44
2026-01-13T12:54:03.311218+01:00	13	46035,53753	Út	12	12:54
2026-01-13T13:29:31.060595+01:00	12	46035,56216	Út	13	13:29
2026-01-13T14:56:13.919751+01:00	30	46035,62237	Út	14	14:56
2026-01-13T15:23:36.518510+01:00	29	46035,64139	Út	15	15:23
2026-01-13T15:49:57.477816+01:00	25	46035,65969	Út	15	15:49
2026-01-13T16:12:03.618614+01:00	30	46035,67503	Út	16	16:12
2026-01-13T16:42:36.532215+01:00	30	46035,69625	Út	16	16:42
2026-01-13T16:59:00.870632+01:00	30	46035,70764	Út	16	16:59
2026-01-13T17:38:56.252581+01:00	30	46035,73537	Út	17	17:38
2026-01-13T18:02:13.427091+01:00	30	46035,75154	Út	18	18:02
2026-01-13T18:36:35.117725+01:00	30	46035,77541	Út	18	18:36
2026-01-13T18:54:49.859939+01:00	24	46035,78807	Út	18	18:54
2026-01-13T19:24:59.796351+01:00	26	46035,80902	Út	19	19:24
2026-01-13T19:53:51.757005+01:00	30	46035,82906	Út	19	19:53
2026-01-13T20:14:53.755143+01:00	30	46035,84367	Út	20	20:14
2026-01-13T20:32:55.703577+01:00	23	46035,85619	Út	20	20:32
2026-01-13T20:43:22.096549+01:00	18	46035,86345	Út	20	20:43
2026-01-13T20:52:34.321593+01:00	11	46035,86984	Út	20	20:52
2026-01-13T21:12:09.556851+01:00	1	46035,88344	Út	21	21:12
2026-01-14T08:21:39.975049+01:00	0	46036,34837	St	8	08:21
2026-01-14T08:42:58.233314+01:00	0	46036,36317	St	8	08:42
2026-01-14T08:53:56.871942+01:00	0	46036,37079	St	8	08:53
2026-01-14T09:19:35.078503+01:00	6	46036,3886	St	9	09:19
2026-01-14T09:52:39.728232+01:00	19	46036,41156	St	9	09:52
2026-01-14T10:16:37.592462+01:00	20	46036,42821	St	10	10:16
2026-01-14T10:46:22.004919+01:00	ERROR	46036,44887	St	10	10:46
2026-01-14T10:58:46.762768+01:00	18	46036,45748	St	10	10:58
2026-01-14T11:31:16.513793+01:00	24	46036,48005	St	11	11:31
2026-01-14T11:53:40.376416+01:00	19	46036,4956	St	11	11:53
2026-01-14T12:14:12.404556+01:00	18	46036,50986	St	12	12:14
2026-01-14T12:35:07.132455+01:00	11	46036,52439	St	12	12:35
2026-01-14T12:48:54.120018+01:00	14	46036,53396	St	12	12:48
2026-01-14T12:57:44.295439+01:00	11	46036,54009	St	12	12:57
2026-01-14T13:51:52.378876+01:00	12	46036,57769	St	13	13:51
2026-01-14T14:32:22.807824+01:00	9	46036,60581	St	14	14:32
2026-01-14T14:59:45.580366+01:00	11	46036,62483	St	14	14:59
2026-01-14T15:33:04.078189+01:00	11	46036,64796	St	15	15:33
2026-01-14T15:55:33.305768+01:00	13	46036,66358	St	15	15:55
2026-01-14T16:21:43.338432+01:00	30	46036,68175	St	16	16:21
2026-01-14T16:42:40.989042+01:00	30	46036,6963	St	16	16:42
2026-01-14T16:56:15.735041+01:00	29	46036,70573	St	16	16:56
2026-01-14T17:28:29.668592+01:00	30	46036,72811	St	17	17:28
2026-01-14T17:58:01.624498+01:00	30	46036,74862	St	17	17:58
2026-01-14T18:29:47.026910+01:00	30	46036,77068	St	18	18:29
2026-01-14T18:52:48.351856+01:00	30	46036,78667	St	18	18:52
2026-01-14T19:18:01.904963+01:00	30	46036,80418	St	19	19:18
2026-01-14T19:53:02.599411+01:00	30	46036,8285	St	19	19:53
2026-01-14T20:11:34.761919+01:00	24	46036,84137	St	20	20:11
2026-01-14T20:31:29.418367+01:00	19	46036,8552	St	20	20:31
2026-01-14T20:44:18.954681+01:00	9	46036,8641	St	20	20:44
2026-01-14T20:53:30.748326+01:00	6	46036,87049	St	20	20:53
2026-01-14T21:11:56.163348+01:00	1	46036,88329	St	21	21:11
2026-01-15T08:21:49.323206+01:00	0	46037,34848	Čt	8	08:21
2026-01-15T08:42:12.335917+01:00	0	46037,36264	Čt	8	08:42
2026-01-15T08:53:57.204511+01:00	0	46037,3708	Čt	8	08:53
2026-01-15T09:20:45.421334+01:00	9	46037,38941	Čt	9	09:20
2026-01-15T09:50:12.480779+01:00	12	46037,40986	Čt	9	09:50
2026-01-15T10:15:29.449455+01:00	12	46037,42742	Čt	10	10:15
2026-01-15T10:44:16.208653+01:00	15	46037,44741	Čt	10	10:44
2026-01-15T10:57:10.894773+01:00	17	46037,45637	Čt	10	10:57
2026-01-15T11:25:56.676431+01:00	18	46037,47634	Čt	11	11:25
2026-01-15T11:49:27.102875+01:00	15	46037,49267	Čt	11	11:49
2026-01-15T12:00:11.279504+01:00	13	46037,50013	Čt	12	12:00
2026-01-15T12:28:54.523390+01:00	9	46037,52007	Čt	12	12:28
2026-01-15T12:43:43.973947+01:00	9	46037,53036	Čt	12	12:43
2026-01-15T12:53:29.959594+01:00	11	46037,53714	Čt	12	12:53
2026-01-15T13:24:45.746397+01:00	11	46037,55885	Čt	13	13:24
2026-01-15T14:12:34.908968+01:00	14	46037,59206	Čt	14	14:12
2026-01-15T14:52:18.139086+01:00	12	46037,61965	Čt	14	14:52
2026-01-15T15:14:01.477137+01:00	16	46037,63473	Čt	15	15:14
2026-01-15T15:44:02.670661+01:00	24	46037,65558	Čt	15	15:44
2026-01-15T15:59:20.990720+01:00	24	46037,6662	Čt	15	15:59
2026-01-15T16:31:56.478526+01:00	23	46037,68884	Čt	16	16:31
2026-01-15T16:57:15.808661+01:00	25	46037,70642	Čt	16	16:57
2026-01-15T17:36:06.851927+01:00	29	46037,7334	Čt	17	17:36
2026-01-15T18:05:50.129212+01:00	27	46037,75405	Čt	18	18:05
2026-01-15T18:47:21.189316+01:00	19	46037,78288	Čt	18	18:47
2026-01-15T19:18:48.943373+01:00	21	46037,80472	Čt	19	19:18
2026-01-15T19:57:18.855785+01:00	27	46037,83146	Čt	19	19:57
2026-01-15T20:25:00.485388+01:00	18	46037,85069	Čt	20	20:25
2026-01-15T20:44:04.407777+01:00	9	46037,86394	Čt	20	20:44
2026-01-15T20:55:39.966080+01:00	4	46037,87198	Čt	20	20:55
2026-01-16T08:20:56.569636+01:00	0	46038,34787	Pá	8	08:20
2026-01-16T08:41:34.705386+01:00	0	46038,3622	Pá	8	08:41
2026-01-16T08:52:33.167522+01:00	0	46038,36983	Pá	8	08:52
2026-01-16T09:15:16.506706+01:00	7	46038,3856	Pá	9	09:15
2026-01-16T09:47:14.454441+01:00	14	46038,4078	Pá	9	09:47
2026-01-16T10:02:50.063915+01:00	19	46038,41863	Pá	10	10:02
2026-01-16T10:36:44.013626+01:00	20	46038,44218	Pá	10	10:36
2026-01-16T10:52:55.035716+01:00	20	46038,45341	Pá	10	10:52
2026-01-16T11:12:38.395992+01:00	16	46038,46711	Pá	11	11:12
2026-01-16T11:43:41.844108+01:00	17	46038,48867	Pá	11	11:43
2026-01-16T11:57:20.279526+01:00	19	46038,49815	Pá	11	11:57
2026-01-16T12:20:22.460284+01:00	13	46038,51414	Pá	12	12:20
2026-01-16T12:37:21.304644+01:00	14	46038,52594	Pá	12	12:37
2026-01-16T12:49:20.618825+01:00	12	46038,53426	Pá	12	12:49
2026-01-16T12:57:56.537797+01:00	12	46038,54023	Pá	12	12:57
2026-01-16T13:50:53.834671+01:00	23	46038,577	Pá	13	13:50
2026-01-16T14:29:39.418663+01:00	29	46038,60392	Pá	14	14:29
2026-01-16T14:56:35.909906+01:00	29	46038,62263	Pá	14	14:56
2026-01-16T15:22:26.177894+01:00	27	46038,64058	Pá	15	15:22
2026-01-16T15:46:03.481780+01:00	25	46038,65698	Pá	15	15:46
2026-01-16T15:59:59.554369+01:00	25	46038,66666	Pá	15	15:59
2026-01-16T16:32:29.009097+01:00	24	46038,68922	Pá	16	16:32
2026-01-16T16:50:05.381319+01:00	25	46038,70145	Pá	16	16:50
2026-01-16T17:00:10.806526+01:00	26	46038,70845	Pá	17	17:00
2026-01-16T17:39:58.709475+01:00	21	46038,73609	Pá	17	17:39
2026-01-16T17:59:53.187842+01:00	27	46038,74992	Pá	17	17:59
2026-01-16T18:30:56.312269+01:00	30	46038,77148	Pá	18	18:30
2026-01-16T18:49:53.914279+01:00	29	46038,78464	Pá	18	18:49
2026-01-16T18:58:34.242171+01:00	30	46038,79067	Pá	18	18:58
2026-01-16T19:38:37.716551+01:00	30	46038,81848	Pá	19	19:38
2026-01-16T20:00:08.450285+01:00	30	46038,83343	Pá	20	20:00
2026-01-16T20:25:29.309046+01:00	27	46038,85103	Pá	20	20:25
2026-01-16T20:36:49.300872+01:00	24	46038,8589	Pá	20	20:36
2026-01-16T20:45:53.210949+01:00	14	46038,8652	Pá	20	20:45
2026-01-16T20:54:51.345024+01:00	9	46038,87142	Pá	20	20:54
2026-01-16T21:16:51.257701+01:00	0	46038,8867	Pá	21	21:16
2026-01-17T08:15:46.888428+01:00	0	46039,34428	So	8	08:15
2026-01-17T08:32:19.697718+01:00	0	46039,35578	So	8	08:32
2026-01-17T08:43:34.334691+01:00	0	46039,36359	So	8	08:43
2026-01-17T08:52:14.094984+01:00	0	46039,36961	So	8	08:52
2026-01-17T09:11:57.935099+01:00	5	46039,3833	So	9	09:11
2026-01-17T09:41:05.374878+01:00	12	46039,40353	So	9	09:41
2026-01-17T09:55:42.768322+01:00	13	46039,41368	So	9	09:55
2026-01-17T10:17:13.827059+01:00	13	46039,42862	So	10	10:17
2026-01-17T10:35:14.190145+01:00	13	46039,44113	So	10	10:35
2026-01-17T10:46:48.579202+01:00	11	46039,44917	So	10	10:46
2026-01-17T10:54:57.211244+01:00	13	46039,45483	So	10	10:54
2026-01-17T11:15:12.714668+01:00	13	46039,46889	So	11	11:15
2026-01-17T11:37:58.330494+01:00	22	46039,4847	So	11	11:37
2026-01-17T11:50:40.591962+01:00	24	46039,49352	So	11	11:50
2026-01-17T11:59:02.727558+01:00	27	46039,49933	So	11	11:59
2026-01-17T12:21:29.538144+01:00	29	46039,51492	So	12	12:21
2026-01-17T12:32:28.615392+01:00	30	46039,52255	So	12	12:32
2026-01-17T12:43:16.648843+01:00	29	46039,53005	So	12	12:43
2026-01-17T12:52:07.895699+01:00	23	46039,53619	So	12	12:52
2026-01-17T13:01:06.767750+01:00	21	46039,54243	So	13	13:01
2026-01-17T13:56:16.422677+01:00	12	46039,58074	So	13	13:56
2026-01-17T14:27:23.064296+01:00	23	46039,60235	So	14	14:27
2026-01-17T14:45:40.246539+01:00	23	46039,61505	So	14	14:45
2026-01-17T14:54:37.516365+01:00	24	46039,62126	So	14	14:54
2026-01-17T15:13:39.984994+01:00	27	46039,63448	So	15	15:13
2026-01-17T15:34:22.626378+01:00	29	46039,64887	So	15	15:34
2026-01-17T15:47:17.164720+01:00	30	46039,65784	So	15	15:47
2026-01-17T15:55:32.211981+01:00	25	46039,66356	So	15	15:55
2026-01-17T16:16:19.440866+01:00	21	46039,678	So	16	16:16
2026-01-17T16:33:54.616201+01:00	24	46039,69021	So	16	16:33
2026-01-17T16:45:55.673348+01:00	24	46039,69855	So	16	16:45
2026-01-17T16:54:54.817896+01:00	24	46039,70479	So	16	16:54
2026-01-17T17:17:13.953855+01:00	25	46039,72029	So	17	17:17
2026-01-17T17:41:29.702419+01:00	26	46039,73714	So	17	17:41
2026-01-17T17:53:44.266935+01:00	29	46039,74565	So	17	17:53
2026-01-17T18:10:45.442586+01:00	30	46039,75747	So	18	18:10
2026-01-17T18:30:41.581585+01:00	29	46039,77131	So	18	18:30
2026-01-17T18:43:50.014156+01:00	27	46039,78044	So	18	18:43
2026-01-17T18:52:14.423292+01:00	30	46039,78627	So	18	18:52
2026-01-17T19:01:24.398326+01:00	27	46039,79264	So	19	19:01
2026-01-17T19:39:21.259752+01:00	19	46039,81899	So	19	19:39
2026-01-17T19:54:53.069018+01:00	12	46039,82978	So	19	19:54
2026-01-17T20:12:01.003827+01:00	6	46039,84168	So	20	20:12
2026-01-17T20:27:19.692126+01:00	0	46039,8523	So	20	20:27
2026-01-17T20:37:49.913923+01:00	0	46039,85959	So	20	20:37
2026-01-17T20:46:41.452674+01:00	0	46039,86575	So	20	20:46
2026-01-17T20:54:53.427714+01:00	0	46039,87145	So	20	20:54
2026-01-17T21:16:47.611938+01:00	0	46039,88666	So	21	21:16
2026-01-18T08:16:50.179088+01:00	0	46040,34502	Ne	8	08:16
2026-01-18T08:33:25.605794+01:00	0	46040,35654	Ne	8	08:33
2026-01-18T08:44:28.433454+01:00	0	46040,36421	Ne	8	08:44
2026-01-18T08:53:22.372349+01:00	0	46040,37039	Ne	8	08:53
2026-01-18T09:15:39.025795+01:00	13	46040,38587	Ne	9	09:15
2026-01-18T09:43:15.505445+01:00	23	46040,40503	Ne	9	09:43
2026-01-18T09:56:41.419495+01:00	23	46040,41436	Ne	9	09:56
2026-01-18T10:20:00.721261+01:00	20	46040,43056	Ne	10	10:20
2026-01-18T10:37:53.594429+01:00	19	46040,44297	Ne	10	10:37
2026-01-18T10:48:37.160794+01:00	15	46040,45043	Ne	10	10:48
2026-01-18T10:57:03.210531+01:00	12	46040,45628	Ne	10	10:57
2026-01-18T11:21:36.760026+01:00	15	46040,47333	Ne	11	11:21
2026-01-18T11:41:42.492313+01:00	13	46040,48729	Ne	11	11:41
2026-01-18T11:52:22.243606+01:00	13	46040,4947	Ne	11	11:52
2026-01-18T12:07:36.013826+01:00	13	46040,50528	Ne	12	12:07
2026-01-18T12:25:57.971694+01:00	18	46040,51802	Ne	12	12:25
2026-01-18T12:37:10.428020+01:00	19	46040,52581	Ne	12	12:37
2026-01-18T12:45:37.964338+01:00	21	46040,53168	Ne	12	12:45
2026-01-18T12:53:56.762341+01:00	23	46040,53745	Ne	12	12:53
2026-01-18T13:24:15.983984+01:00	17	46040,55851	Ne	13	13:24
2026-01-18T14:05:05.042442+01:00	23	46040,58686	Ne	14	14:05
2026-01-18T14:37:21.446026+01:00	21	46040,60927	Ne	14	14:37
2026-01-18T14:49:59.672502+01:00	16	46040,61804	Ne	14	14:49
2026-01-18T14:58:10.696204+01:00	20	46040,62373	Ne	14	14:58
2026-01-18T15:21:09.433434+01:00	20	46040,63969	Ne	15	15:21
2026-01-18T15:38:39.322303+01:00	25	46040,65184	Ne	15	15:38
2026-01-18T15:48:49.259216+01:00	25	46040,6589	Ne	15	15:48
2026-01-18T15:57:42.150312+01:00	25	46040,66507	Ne	15	15:57
2026-01-18T16:21:34.834167+01:00	30	46040,68164	Ne	16	16:21
2026-01-18T16:37:57.093105+01:00	26	46040,69302	Ne	16	16:37
2026-01-18T16:48:18.474451+01:00	28	46040,70021	Ne	16	16:48
2026-01-18T16:57:11.765306+01:00	28	46040,70638	Ne	16	16:57
2026-01-18T17:25:43.567600+01:00	23	46040,72619	Ne	17	17:25
2026-01-18T17:46:15.422307+01:00	27	46040,74045	Ne	17	17:46
2026-01-18T17:56:52.785157+01:00	26	46040,74782	Ne	17	17:56
2026-01-18T18:17:13.301938+01:00	30	46040,76196	Ne	18	18:17
2026-01-18T18:35:07.383013+01:00	30	46040,77439	Ne	18	18:35
2026-01-18T18:47:11.229291+01:00	30	46040,78277	Ne	18	18:47
2026-01-18T18:55:53.122574+01:00	30	46040,78881	Ne	18	18:55
2026-01-18T19:23:52.751420+01:00	27	46040,80824	Ne	19	19:23
2026-01-18T19:47:40.748623+01:00	19	46040,82477	Ne	19	19:47
2026-01-18T19:58:06.697295+01:00	8	46040,83201	Ne	19	19:58
2026-01-18T20:18:22.048159+01:00	0	46040,84609	Ne	20	20:18
2026-01-18T20:30:16.015984+01:00	0	46040,85435	Ne	20	20:30
2026-01-18T20:41:00.992659+01:00	0	46040,86181	Ne	20	20:41
2026-01-18T20:50:01.053031+01:00	0	46040,86807	Ne	20	20:50
2026-01-18T20:58:18.550778+01:00	0	46040,87382	Ne	20	20:58
2026-01-19T08:25:21.585669+01:00	0	46041,35094	Po	8	08:25
2026-01-19T08:48:49.019779+01:00	0	46041,36723	Po	8	08:48
2026-01-19T08:59:14.558369+01:00	0	46041,37447	Po	8	08:59
2026-01-19T09:41:14.185264+01:00	13	46041,40363	Po	9	09:41
2026-01-19T10:03:43.219411+01:00	17	46041,41925	Po	10	10:03
2026-01-19T10:47:13.918540+01:00	16	46041,44946	Po	10	10:47
2026-01-19T11:02:21.093258+01:00	16	46041,45997	Po	11	11:02
2026-01-19T11:40:54.684261+01:00	16	46041,48674	Po	11	11:40
2026-01-19T11:59:29.241205+01:00	17	46041,49964	Po	11	11:59
2026-01-19T12:27:50.324194+01:00	16	46041,51933	Po	12	12:27
2026-01-19T12:44:23.354184+01:00	16	46041,53082	Po	12	12:44
2026-01-19T12:55:29.693867+01:00	13	46041,53853	Po	12	12:55
2026-01-19T13:40:50.571693+01:00	11	46041,57002	Po	13	13:40
2026-01-19T14:33:10.364743+01:00	17	46041,60637	Po	14	14:33
2026-01-19T15:01:55.118855+01:00	17	46041,62633	Po	15	15:01
2026-01-19T15:38:27.741791+01:00	13	46041,6517	Po	15	15:38
2026-01-19T15:58:44.647811+01:00	17	46041,66579	Po	15	15:58
2026-01-19T16:31:24.935754+01:00	23	46041,68847	Po	16	16:31
2026-01-19T16:52:06.401970+01:00	21	46041,70285	Po	16	16:52
2026-01-19T17:13:10.780601+01:00	18	46041,71748	Po	17	17:13
2026-01-19T17:48:43.189909+01:00	21	46041,74216	Po	17	17:48
2026-01-19T18:12:37.186925+01:00	25	46041,75876	Po	18	18:12
2026-01-19T18:39:08.034887+01:00	28	46041,77718	Po	18	18:39
2026-01-19T18:54:13.928245+01:00	30	46041,78765	Po	18	18:54
2026-01-19T19:21:31.679971+01:00	27	46041,80661	Po	19	19:21
2026-01-19T19:52:07.588027+01:00	29	46041,82786	Po	19	19:52
2026-01-19T20:10:43.218163+01:00	28	46041,84078	Po	20	20:10
2026-01-19T20:29:41.160697+01:00	17	46041,85395	Po	20	20:29
2026-01-19T20:42:53.772874+01:00	14	46041,86311	Po	20	20:42
2026-01-19T20:51:50.203509+01:00	7	46041,86933	Po	20	20:51
2026-01-19T21:00:00.285446+01:00	6	46041,875	Po	21	21:00
2026-01-20T08:23:34.373200+01:00	0	46042,3497	Út	8	08:23
2026-01-20T08:58:21.033756+01:00	0	46042,37385	Út	8	08:58
2026-01-20T09:37:27.981840+01:00	9	46042,40101	Út	9	09:37
2026-01-20T10:02:45.500951+01:00	12	46042,41858	Út	10	10:02
2026-01-20T10:42:53.797232+01:00	12	46042,44645	Út	10	10:42
2026-01-20T10:59:38.327486+01:00	11	46042,45808	Út	10	10:59
2026-01-20T11:36:07.126755+01:00	13	46042,48341	Út	11	11:36
2026-01-20T11:58:12.291359+01:00	14	46042,49875	Út	11	11:58
2026-01-20T12:26:45.729991+01:00	17	46042,51858	Út	12	12:26
2026-01-20T12:44:57.021457+01:00	16	46042,53122	Út	12	12:44
2026-01-20T12:56:18.085453+01:00	14	46042,5391	Út	12	12:56
2026-01-20T13:45:10.015828+01:00	11	46042,57303	Út	13	13:45
2026-01-20T14:35:23.519859+01:00	11	46042,60791	Út	14	14:35
2026-01-20T15:04:03.037361+01:00	20	46042,62781	Út	15	15:04
2026-01-20T15:45:39.964714+01:00	16	46042,6567	Út	15	15:45
2026-01-20T16:15:45.099641+01:00	19	46042,6776	Út	16	16:15
2026-01-20T16:48:47.659549+01:00	26	46042,70054	Út	16	16:48
2026-01-20T17:17:36.564836+01:00	28	46042,72056	Út	17	17:17
2026-01-20T17:57:22.144246+01:00	30	46042,74817	Út	17	17:57
2026-01-20T18:30:54.833828+01:00	30	46042,77146	Út	18	18:30
2026-01-20T18:56:14.281665+01:00	30	46042,78905	Út	18	18:56
2026-01-20T19:32:12.052417+01:00	28	46042,81403	Út	19	19:32
2026-01-20T20:48:13.555295+01:00	9	46042,86682	Út	20	20:48
2026-01-20T21:35:14.505385+01:00	0	46042,89947	Út	21	21:35
2026-01-21T08:23:52.714426+01:00	0	46043,34991	St	8	08:23
2026-01-21T08:47:22.688486+01:00	0	46043,36623	St	8	08:47
2026-01-21T08:58:57.950449+01:00	0	46043,37427	St	8	08:58
2026-01-21T09:38:18.967299+01:00	12	46043,4016	St	9	09:38
2026-01-21T10:01:24.737344+01:00	14	46043,41764	St	10	10:01
2026-01-21T10:41:35.419331+01:00	16	46043,44554	St	10	10:41
2026-01-21T10:59:37.093319+01:00	17	46043,45807	St	10	10:59
2026-01-21T11:37:43.151000+01:00	17	46043,48453	St	11	11:37
2026-01-21T11:59:33.927577+01:00	14	46043,49969	St	11	11:59
2026-01-21T12:30:21.730842+01:00	21	46043,52108	St	12	12:30
2026-01-21T12:48:22.420975+01:00	19	46043,53359	St	12	12:48
2026-01-21T12:58:24.479755+01:00	16	46043,54056	St	12	12:58
2026-01-21T13:58:09.808346+01:00	13	46043,58205	St	13	13:58
2026-01-21T14:49:36.761885+01:00	25	46043,61778	St	14	14:49
2026-01-21T15:18:04.937466+01:00	19	46043,63755	St	15	15:18
2026-01-21T15:53:22.774193+01:00	24	46043,66206	St	15	15:53
2026-01-21T16:21:46.919407+01:00	26	46043,68178	St	16	16:21
2026-01-21T16:53:01.308349+01:00	30	46043,70348	St	16	16:53
2026-01-21T17:23:40.366395+01:00	30	46043,72477	St	17	17:23
2026-01-21T18:34:31.933396+01:00	30	46043,77397	St	18	18:34
2026-01-21T19:10:03.632336+01:00	30	46043,79865	St	19	19:10
2026-01-21T19:59:21.079968+01:00	30	46043,83288	St	19	19:59
2026-01-21T20:32:57.674365+01:00	25	46043,85622	St	20	20:32
2026-01-21T20:56:18.355871+01:00	17	46043,87243	St	20	20:56
2026-01-22T08:23:48.159482+01:00	0	46044,34986	Čt	8	08:23
2026-01-22T08:46:19.093790+01:00	0	46044,3655	Čt	8	08:46
2026-01-22T08:57:13.398677+01:00	0	46044,37307	Čt	8	08:57
2026-01-22T09:33:40.880292+01:00	13	46044,39838	Čt	9	09:33
2026-01-22T10:02:03.109921+01:00	14	46044,41809	Čt	10	10:02
2026-01-22T10:42:20.651842+01:00	15	46044,44606	Čt	10	10:42
2026-01-22T10:59:19.352220+01:00	14	46044,45786	Čt	10	10:59
2026-01-22T11:35:22.793358+01:00	12	46044,48289	Čt	11	11:35
2026-01-22T11:57:51.393857+01:00	8	46044,49851	Čt	11	11:57
2026-01-22T12:24:49.079554+01:00	10	46044,51723	Čt	12	12:24
2026-01-22T12:43:18.878500+01:00	12	46044,53007	Čt	12	12:43
2026-01-22T12:55:53.240403+01:00	13	46044,53881	Čt	12	12:55
2026-01-22T13:42:10.610741+01:00	16	46044,57095	Čt	13	13:42
2026-01-22T14:34:20.097019+01:00	12	46044,60718	Čt	14	14:34
2026-01-22T15:04:07.022701+01:00	22	46044,62786	Čt	15	15:04
2026-01-22T15:44:12.215921+01:00	28	46044,65569	Čt	15	15:44
2026-01-22T16:03:58.506265+01:00	27	46044,66942	Čt	16	16:03
2026-01-22T16:43:00.329977+01:00	19	46044,69653	Čt	16	16:43
2026-01-22T17:01:55.712903+01:00	18	46044,70966	Čt	17	17:01
2026-01-22T17:47:25.774589+01:00	21	46044,74126	Čt	17	17:47
2026-01-22T18:16:50.882786+01:00	30	46044,76169	Čt	18	18:16
2026-01-22T18:48:05.582799+01:00	28	46044,78339	Čt	18	18:48
2026-01-22T19:01:17.600562+01:00	29	46044,79256	Čt	19	19:01
2026-01-22T19:48:54.134405+01:00	23	46044,82563	Čt	19	19:48
2026-01-22T20:13:37.789902+01:00	16	46044,84279	Čt	20	20:13
2026-01-22T20:37:18.238681+01:00	8	46044,85924	Čt	20	20:37
2026-01-22T20:50:50.769264+01:00	8	46044,86863	Čt	20	20:50
2026-01-22T20:59:48.642471+01:00	4	46044,87486	Čt	20	20:59
2026-01-23T08:22:11.701599+01:00	0	46045,34874	Pá	8	08:22
2026-01-23T08:42:42.304673+01:00	0	46045,36299	Pá	8	08:42
2026-01-23T08:53:42.928671+01:00	2	46045,37063	Pá	8	08:53
2026-01-23T09:18:35.373431+01:00	16	46045,38791	Pá	9	09:18
2026-01-23T09:49:40.039951+01:00	21	46045,40949	Pá	9	09:49
2026-01-23T10:16:33.353941+01:00	20	46045,42816	Pá	10	10:16
2026-01-23T10:46:43.273478+01:00	18	46045,44911	Pá	10	10:46
2026-01-23T10:59:18.789127+01:00	17	46045,45785	Pá	10	10:59
2026-01-23T11:32:13.646121+01:00	16	46045,48071	Pá	11	11:32
2026-01-23T11:54:22.572159+01:00	17	46045,49609	Pá	11	11:54
2026-01-23T12:15:31.806316+01:00	17	46045,51078	Pá	12	12:15
2026-01-23T12:35:10.496268+01:00	15	46045,52442	Pá	12	12:35
2026-01-23T12:49:16.689922+01:00	19	46045,53421	Pá	12	12:49
2026-01-23T12:58:03.651182+01:00	16	46045,54031	Pá	12	12:58
2026-01-23T13:53:57.851730+01:00	11	46045,57913	Pá	13	13:53
2026-01-23T14:37:03.883962+01:00	18	46045,60906	Pá	14	14:37
2026-01-23T15:01:12.160237+01:00	24	46045,62583	Pá	15	15:01
2026-01-23T15:35:24.890262+01:00	28	46045,64958	Pá	15	15:35
2026-01-23T15:56:23.972116+01:00	30	46045,66416	Pá	15	15:56
2026-01-23T16:24:18.228481+01:00	30	46045,68354	Pá	16	16:24
2026-01-23T16:47:09.242044+01:00	26	46045,69941	Pá	16	16:47
2026-01-23T17:01:09.192986+01:00	30	46045,70913	Pá	17	17:01
2026-01-23T17:41:54.221213+01:00	30	46045,73743	Pá	17	17:41
2026-01-23T18:03:28.711004+01:00	29	46045,75241	Pá	18	18:03
2026-01-23T18:34:19.439496+01:00	30	46045,77383	Pá	18	18:34
2026-01-23T18:51:32.376028+01:00	30	46045,78579	Pá	18	18:51
2026-01-23T18:59:48.103306+01:00	30	46045,79153	Pá	18	18:59
2026-01-23T19:45:29.234185+01:00	29	46045,82325	Pá	19	19:45
2026-01-23T20:05:23.541322+01:00	26	46045,83707	Pá	20	20:05
2026-01-23T20:32:06.712305+01:00	18	46045,85563	Pá	20	20:32
2026-01-23T20:44:52.938098+01:00	15	46045,86449	Pá	20	20:44
2026-01-23T20:53:59.361171+01:00	10	46045,87082	Pá	20	20:53
2026-01-23T21:16:53.265289+01:00	0	46045,88672	Pá	21	21:16
2026-01-24T08:16:36.381032+01:00	N/A	46046,34486	So	8	08:16
2026-01-24T08:33:26.714176+01:00	0	46046,35655	So	8	08:33
2026-01-24T08:44:41.374660+01:00	0	46046,36436	So	8	08:44
2026-01-24T08:53:08.998419+01:00	0	46046,37023	So	8	08:53
2026-01-24T09:14:53.038026+01:00	6	46046,38534	So	9	09:14
2026-01-24T09:43:20.876003+01:00	10	46046,40509	So	9	09:43
2026-01-24T09:57:37.314601+01:00	9	46046,41501	So	9	09:57
2026-01-24T10:22:20.111433+01:00	5	46046,43218	So	10	10:22
2026-01-24T10:39:02.183959+01:00	6	46046,44377	So	10	10:39
2026-01-24T10:49:32.665455+01:00	7	46046,45106	So	10	10:49
2026-01-24T10:58:24.539661+01:00	10	46046,45722	So	10	10:58
2026-01-24T11:25:48.901807+01:00	12	46046,47625	So	11	11:25
2026-01-24T11:44:12.634279+01:00	12	46046,48903	So	11	11:44
2026-01-24T11:54:16.682149+01:00	11	46046,49602	So	11	11:54
2026-01-24T12:11:56.258124+01:00	13	46046,50829	So	12	12:11
2026-01-24T12:28:56.557749+01:00	16	46046,52009	So	12	12:28
2026-01-24T12:41:26.749541+01:00	17	46046,52877	So	12	12:41
2026-01-24T12:49:53.016712+01:00	17	46046,53464	So	12	12:49
2026-01-24T12:57:59.044515+01:00	13	46046,54027	So	12	12:57
2026-01-24T13:46:27.279366+01:00	13	46046,57392	So	13	13:46
2026-01-24T14:21:43.139409+01:00	14	46046,59841	So	14	14:21
2026-01-24T14:45:33.799754+01:00	16	46046,61497	So	14	14:45
2026-01-24T14:56:04.989888+01:00	16	46046,62227	So	14	14:56
2026-01-24T15:17:38.034437+01:00	17	46046,63725	So	15	15:17
2026-01-24T15:38:51.394820+01:00	18	46046,65198	So	15	15:38
2026-01-24T15:51:11.920491+01:00	20	46046,66054	So	15	15:51
2026-01-24T15:59:31.178105+01:00	20	46046,66633	So	15	15:59
2026-01-24T16:27:02.233785+01:00	29	46046,68544	So	16	16:27
2026-01-24T16:41:26.704756+01:00	30	46046,69544	So	16	16:41
2026-01-24T16:50:45.543128+01:00	30	46046,70191	So	16	16:50
2026-01-24T16:59:27.186464+01:00	28	46046,70795	So	16	16:59
2026-01-24T17:32:33.403043+01:00	30	46046,73094	So	17	17:32
2026-01-24T17:51:32.532425+01:00	27	46046,74412	So	17	17:51
2026-01-24T17:59:54.160984+01:00	27	46046,74993	So	17	17:59
2026-01-24T18:24:51.461071+01:00	30	46046,76726	So	18	18:24
2026-01-24T18:40:31.434665+01:00	28	46046,77814	So	18	18:40
2026-01-24T18:50:05.657093+01:00	26	46046,78478	So	18	18:50
2026-01-24T18:58:53.482820+01:00	24	46046,79089	So	18	18:58
2026-01-24T19:36:43.808963+01:00	13	46046,81716	So	19	19:36
2026-01-24T19:56:22.652640+01:00	6	46046,83081	So	19	19:56
2026-01-24T20:15:48.352929+01:00	0	46046,84431	So	20	20:15
2026-01-24T20:29:34.393474+01:00	0	46046,85387	So	20	20:29
2026-01-24T20:40:46.472902+01:00	0	46046,86164	So	20	20:40
2026-01-24T20:49:20.505709+01:00	0	46046,86759	So	20	20:49
2026-01-24T20:57:20.749774+01:00	0	46046,87315	So	20	20:57
2026-01-25T08:18:21.566674+01:00	0	46047,34608	Ne	8	08:18
2026-01-25T08:37:31.974134+01:00	0	46047,35939	Ne	8	08:37
2026-01-25T08:48:06.048128+01:00	0	46047,36674	Ne	8	08:48
2026-01-25T08:56:55.670983+01:00	0	46047,37286	Ne	8	08:56
2026-01-25T09:27:19.865887+01:00	14	46047,39397	Ne	9	09:27
2026-01-25T09:50:07.639398+01:00	21	46047,4098	Ne	9	09:50
2026-01-25T10:00:20.821333+01:00	22	46047,4169	Ne	10	10:00
2026-01-25T10:30:34.411281+01:00	22	46047,43789	Ne	10	10:30
2026-01-25T10:45:40.066373+01:00	18	46047,44838	Ne	10	10:45
2026-01-25T10:54:50.793422+01:00	18	46047,45475	Ne	10	10:54
2026-01-25T11:16:23.642778+01:00	18	46047,46971	Ne	11	11:16
2026-01-25T11:41:47.644290+01:00	18	46047,48735	Ne	11	11:41
2026-01-25T11:54:14.215131+01:00	21	46047,496	Ne	11	11:54
2026-01-25T12:11:24.872847+01:00	19	46047,50792	Ne	12	12:11
2026-01-25T12:29:15.343570+01:00	20	46047,52031	Ne	12	12:29
2026-01-25T12:41:56.667816+01:00	21	46047,52912	Ne	12	12:41
2026-01-25T12:50:41.724309+01:00	24	46047,5352	Ne	12	12:50
2026-01-25T12:59:10.096807+01:00	24	46047,54109	Ne	12	12:59
2026-01-25T13:54:27.205451+01:00	27	46047,57948	Ne	13	13:54
2026-01-25T14:27:49.682852+01:00	22	46047,60265	Ne	14	14:27
2026-01-25T14:50:15.894503+01:00	24	46047,61823	Ne	14	14:50
2026-01-25T14:59:10.126572+01:00	28	46047,62442	Ne	14	14:59
2026-01-25T15:25:02.171304+01:00	26	46047,64238	Ne	15	15:25
2026-01-25T15:42:04.281036+01:00	29	46047,65421	Ne	15	15:42
2026-01-25T15:52:47.701016+01:00	29	46047,66166	Ne	15	15:52
2026-01-25T16:09:37.925922+01:00	30	46047,67334	Ne	16	16:09
2026-01-25T16:32:14.967192+01:00	26	46047,68905	Ne	16	16:32
2026-01-25T16:45:46.555679+01:00	27	46047,69845	Ne	16	16:45
2026-01-25T16:54:35.342620+01:00	23	46047,70457	Ne	16	16:54
2026-01-25T17:18:16.984863+01:00	22	46047,72102	Ne	17	17:18
2026-01-25T17:44:42.709718+01:00	16	46047,73938	Ne	17	17:44
2026-01-25T17:58:03.727979+01:00	19	46047,74865	Ne	17	17:58
2026-01-25T18:20:16.081590+01:00	29	46047,76407	Ne	18	18:20
2026-01-25T18:38:41.323921+01:00	30	46047,77686	Ne	18	18:38
2026-01-25T18:49:26.367829+01:00	30	46047,78433	Ne	18	18:49
2026-01-25T18:58:14.654172+01:00	30	46047,79044	Ne	18	18:58
2026-01-25T19:34:34.449157+01:00	21	46047,81567	Ne	19	19:34
2026-01-25T19:55:16.680276+01:00	14	46047,83005	Ne	19	19:55
2026-01-25T20:13:32.501351+01:00	0	46047,84273	Ne	20	20:13
2026-01-25T20:29:10.784870+01:00	0	46047,85359	Ne	20	20:29
2026-01-25T20:41:24.630085+01:00	0	46047,86208	Ne	20	20:41
2026-01-25T20:49:50.574007+01:00	0	46047,86794	Ne	20	20:49
2026-01-25T20:58:15.366543+01:00	0	46047,87378	Ne	20	20:58
2026-01-26T08:23:43.247482+01:00	0	46048,3498	Po	8	08:23
2026-01-26T08:45:48.235013+01:00	0	46048,36514	Po	8	08:45
2026-01-26T08:56:42.253911+01:00	0	46048,37271	Po	8	08:56
2026-01-26T09:32:15.672948+01:00	6	46048,3974	Po	9	09:32
2026-01-26T10:00:31.536262+01:00	9	46048,41703	Po	10	10:00
2026-01-26T10:43:47.982576+01:00	14	46048,44707	Po	10	10:43
2026-01-26T11:00:34.921686+01:00	14	46048,45873	Po	11	11:00
2026-01-26T11:37:23.086108+01:00	12	46048,48429	Po	11	11:37
2026-01-26T11:57:12.398153+01:00	11	46048,49806	Po	11	11:57
2026-01-26T12:21:18.625019+01:00	8	46048,51479	Po	12	12:21
2026-01-26T12:38:38.861988+01:00	6	46048,52683	Po	12	12:38
2026-01-26T12:51:00.559749+01:00	6	46048,53542	Po	12	12:51
2026-01-26T12:59:13.986451+01:00	7	46048,54112	Po	12	12:59
2026-01-26T14:01:34.206214+01:00	13	46048,58442	Po	14	14:01
2026-01-26T14:50:51.749507+01:00	12	46048,61865	Po	14	14:50
2026-01-26T15:17:02.448650+01:00	11	46048,63683	Po	15	15:17
2026-01-26T15:50:00.176778+01:00	14	46048,65972	Po	15	15:50
2026-01-26T16:15:56.201819+01:00	14	46048,67773	Po	16	16:15
2026-01-26T16:46:50.590806+01:00	16	46048,69919	Po	16	16:46
2026-01-26T17:02:20.984719+01:00	13	46048,70995	Po	17	17:02
2026-01-26T17:47:55.341997+01:00	18	46048,74161	Po	17	17:47
2026-01-26T18:17:31.825165+01:00	22	46048,76216	Po	18	18:17
2026-01-26T18:47:58.226585+01:00	25	46048,78331	Po	18	18:47
2026-01-26T19:00:47.447557+01:00	23	46048,79221	Po	19	19:00
2026-01-26T19:50:04.973321+01:00	22	46048,82644	Po	19	19:50
2026-01-26T20:14:21.377597+01:00	20	46048,8433	Po	20	20:14
2026-01-26T20:36:34.160626+01:00	8	46048,85873	Po	20	20:36
2026-01-26T20:50:32.470432+01:00	4	46048,86843	Po	20	20:50
2026-01-26T20:59:16.205852+01:00	1	46048,87449	Po	20	20:59
2026-01-27T08:24:02.225056+01:00	0	46049,35002	Út	8	08:24
2026-01-27T08:47:06.576052+01:00	0	46049,36604	Út	8	08:47
2026-01-27T08:58:05.655056+01:00	0	46049,37367	Út	8	08:58
2026-01-27T09:37:20.584788+01:00	7	46049,40093	Út	9	09:37
2026-01-27T10:02:03.506995+01:00	13	46049,41809	Út	10	10:02
2026-01-27T10:43:08.941846+01:00	15	46049,44662	Út	10	10:43
2026-01-27T11:00:14.497767+01:00	15	46049,4585	Út	11	11:00
2026-01-27T11:38:41.536870+01:00	11	46049,4852	Út	11	11:38
2026-01-27T11:59:48.208676+01:00	9	46049,49986	Út	11	11:59
2026-01-27T12:29:47.177689+01:00	14	46049,52068	Út	12	12:29
2026-01-27T12:47:35.523116+01:00	13	46049,53304	Út	12	12:47
2026-01-27T12:58:24.129359+01:00	11	46049,54056	Út	12	12:58
2026-01-27T13:58:27.481051+01:00	6	46049,58226	Út	13	13:58
2026-01-27T14:51:38.689001+01:00	22	46049,61919	Út	14	14:51